layer_idx,matrix_type,mass_0.05,mass_0.10,mass_0.15,mass_0.20,mass_0.25,mass_0.30,sv_max,sv_min,sv_mean,condition_number
0,mlp.down_proj,0.010333460755646229,0.02770048752427101,0.04775794595479965,0.07047626376152039,0.09617772698402405,0.1251123696565628,7.124590873718262,0.5345327854156494,2.546034336090088,13.328632354736328
0,mlp.gate_proj,0.0006885409820824862,0.0032387268729507923,0.006949895527213812,0.012563974596560001,0.021094555035233498,0.033607423305511475,12.876343727111816,0.10956823080778122,2.4343814849853516,117.51895141601562
0,mlp.up_proj,0.0008864014525897801,0.004540527705103159,0.010050780139863491,0.018152449280023575,0.02971658855676651,0.04570842534303665,6.0318098068237305,0.12171725928783417,2.2078068256378174,49.555912017822266
0,self_attn.k_proj,0.0030227317474782467,0.009840080514550209,0.021376077085733414,0.04182124510407448,0.07191868871450424,0.10821053385734558,4.125201225280762,0.230625718832016,2.1939563751220703,17.886995315551758
0,self_attn.o_proj,9.770304313860834e-05,0.0009091587271541357,0.003345071105286479,0.008871418423950672,0.018929515033960342,0.03441254422068596,4.125823974609375,0.00032238929998129606,0.8486888408660889,12797.6455078125
0,self_attn.q_proj,3.531185575411655e-05,0.0003167891991324723,0.0011104117147624493,0.0027746488340198994,0.00567258195951581,0.010254251770675182,14.690231323242188,0.0004958848003298044,1.2631912231445312,29624.283203125
0,self_attn.v_proj,0.017853204160928726,0.04473404958844185,0.07328604906797409,0.10716815292835236,0.14353784918785095,0.18236325681209564,1.1095722913742065,0.19884788990020752,0.7342069149017334,5.580005168914795
1,mlp.down_proj,1.4143201099159342e-07,1.0283359870300046e-06,2.5016408926603617e-06,4.6229447434598114e-06,8.78274022397818e-06,3.93773298128508e-05,11.310921669006348,0.00020906679856125265,0.6647317409515381,54101.94921875
1,mlp.gate_proj,2.870873672122798e-08,3.1563968150294386e-07,8.702600098331459e-07,1.8433419199936907e-06,4.317261755204527e-06,2.373700772295706e-05,11.752227783203125,0.0001519291545264423,0.8709958791732788,77353.34375
1,mlp.up_proj,1.6762761845257046e-08,1.3513333385617443e-07,3.038981617464742e-07,5.478317461893312e-07,1.021862203742785e-06,5.864995273441309e-06,11.502650260925293,9.057517308974639e-05,0.6047126650810242,126995.6171875
1,self_attn.k_proj,0.0005562719888985157,0.0027365272399038076,0.006968274246901274,0.013843593187630177,0.023200049996376038,0.035214345902204514,4.968802452087402,0.05694018676877022,1.6441009044647217,87.26354217529297
1,self_attn.o_proj,4.089419962838292e-05,0.0003961850015912205,0.0013831338146701455,0.003403519978746772,0.006841287948191166,0.012123302556574345,4.281428337097168,0.00012422064901329577,0.7950594425201416,34466.31640625
1,self_attn.q_proj,3.998962711193599e-06,7.15477071935311e-05,0.0003288266307208687,0.0009464664617553353,0.0021208436228334904,0.004114838317036629,7.406991481781006,9.029907960211858e-05,0.9111650586128235,82027.3203125
1,self_attn.v_proj,0.014201436191797256,0.03669258579611778,0.06134092062711716,0.09135676920413971,0.12442260980606079,0.1606321483850479,1.2101917266845703,0.20431898534297943,0.8143896460533142,5.923050880432129
10,mlp.down_proj,0.010236402973532677,0.028091613203287125,0.048733342438936234,0.07169417291879654,0.09730363637208939,0.12578561902046204,8.438226699829102,0.39140933752059937,2.438361883163452,21.55857276916504
10,mlp.gate_proj,0.011036255396902561,0.029283704236149788,0.04977717995643616,0.07242698967456818,0.09738197177648544,0.124931201338768,15.312634468078613,0.18060265481472015,3.043977737426758,84.78632354736328
10,mlp.up_proj,0.01207185909152031,0.03363821655511856,0.05781378597021103,0.08419166505336761,0.1131245568394661,0.14499245584011078,5.126177787780762,0.173493891954422,2.538924217224121,29.546733856201172
10,self_attn.k_proj,0.0022257750388234854,0.007586315274238586,0.015347003936767578,0.026896506547927856,0.04183854162693024,0.06047821044921875,2.4533331394195557,0.1604173332452774,1.132514238357544,15.293441772460938
10,self_attn.o_proj,3.7264220736688e-05,0.00031734551885165274,0.001074531814083457,0.0026218772400170565,0.005254051648080349,0.009357785806059837,4.004002094268799,6.49587600491941e-05,0.8654404878616333,61639.140625
10,self_attn.q_proj,3.208388079656288e-05,0.00027891446370631456,0.0009652479784563184,0.00237497896887362,0.004801493138074875,0.008602662943303585,5.093602180480957,0.00013430674152914435,0.898719072341919,37925.140625
10,self_attn.v_proj,0.01821868121623993,0.04380051791667938,0.07058807462453842,0.1024291068315506,0.1370788812637329,0.17429174482822418,1.8130601644515991,0.45681464672088623,1.1974766254425049,3.968918561935425
11,mlp.down_proj,0.010043280199170113,0.0279229823499918,0.04861559346318245,0.07184557616710663,0.09790072590112686,0.12692178785800934,10.126124382019043,0.4359414875507355,2.5146796703338623,23.228172302246094
11,mlp.gate_proj,0.010557279922068119,0.02821473591029644,0.04806317016482353,0.06992649286985397,0.09406599402427673,0.1207694336771965,15.063929557800293,0.4994777739048004,2.93631649017334,30.159358978271484
11,mlp.up_proj,0.0116307707503438,0.0326206274330616,0.056307677179574966,0.0823441818356514,0.11105813086032867,0.14280308783054352,5.438847541809082,0.39465048909187317,2.6019978523254395,13.781428337097168
11,self_attn.k_proj,0.0025772210210561752,0.00875540729612112,0.017401162534952164,0.02961956337094307,0.04495180398225784,0.06365200132131577,2.578244209289551,0.12225515395402908,1.1552921533584595,21.08904266357422
11,self_attn.o_proj,3.1028688681544736e-05,0.0002612495154608041,0.0008876211941242218,0.0021645380184054375,0.0043383087031543255,0.007724979892373085,4.249237537384033,0.0016110071446746588,0.8643874526023865,2637.6279296875
11,self_attn.q_proj,3.188136906828731e-05,0.00027535340632312,0.0009486549533903599,0.002335998695343733,0.004731872584670782,0.008510175161063671,5.4382829666137695,9.195458551403135e-05,0.9138604998588562,59140.96484375
11,self_attn.v_proj,0.020271943882107735,0.048632971942424774,0.07810304313898087,0.11285284161567688,0.1502886563539505,0.19007179141044617,1.740683674812317,0.5710192322731018,1.2114150524139404,3.048380136489868
12,mlp.down_proj,0.008999071083962917,0.025591066107153893,0.045261479914188385,0.06791344285011292,0.09367851912975311,0.12274184823036194,7.658331871032715,0.3890029788017273,2.4948315620422363,19.68707847595215
12,mlp.gate_proj,0.009353812783956528,0.025523360818624496,0.04387015849351883,0.0642622634768486,0.08682914823293686,0.11185771226882935,18.250837326049805,0.5169978141784668,2.9549176692962646,35.30157470703125
12,mlp.up_proj,0.01139619667083025,0.03200893849134445,0.05536702275276184,0.08123799413442612,0.10984093695878983,0.1414819061756134,5.5331711769104,0.40555307269096375,2.587268829345703,13.643519401550293
12,self_attn.k_proj,0.0017367844702675939,0.005635656416416168,0.011581109836697578,0.02057952806353569,0.032407891005277634,0.04736687242984772,2.9685473442077637,0.1386086493730545,1.1854362487792969,21.4167537689209
12,self_attn.o_proj,2.857295112335123e-05,0.000249288888880983,0.0008519271505065262,0.0020940909162163734,0.004218085203319788,0.007554118521511555,5.693584442138672,6.897908315295354e-05,0.8690371513366699,82540.734375
12,self_attn.q_proj,3.095752254012041e-05,0.00026533915661275387,0.0009026156621985137,0.0022043653298169374,0.004426848609000444,0.007899049669504166,5.406759738922119,0.0004788213118445128,0.9021105170249939,11291.810546875
12,self_attn.v_proj,0.023710986599326134,0.055783290416002274,0.08818861842155457,0.12573416531085968,0.16579899191856384,0.2078927755355835,1.5002565383911133,0.5499296188354492,1.175015926361084,2.72808837890625
13,mlp.down_proj,0.010046187788248062,0.027825014665722847,0.04850735887885094,0.07171144336462021,0.097697913646698,0.12663835287094116,8.314627647399902,0.574760377407074,2.6596150398254395,14.4662504196167
13,mlp.gate_proj,0.011095157824456692,0.029368575662374496,0.04984503611922264,0.07235857099294662,0.09719976037740707,0.12479560077190399,12.501331329345703,0.6112181544303894,2.7469165325164795,20.453142166137695
13,mlp.up_proj,0.012282434850931168,0.03333486244082451,0.056968387216329575,0.0829210951924324,0.111536905169487,0.1431947946548462,6.282092571258545,0.43933865427970886,2.745744228363037,14.298974990844727
13,self_attn.k_proj,0.0007426210213452578,0.003484665183350444,0.008919384330511093,0.018431082367897034,0.031977877020835876,0.05043747276067734,3.1418957710266113,0.10736632347106934,1.403335452079773,29.26332664489746
13,self_attn.o_proj,3.215295873815194e-05,0.0002863617555703968,0.0009890994988381863,0.0024284380488097668,0.00491125276312232,0.008839822374284267,4.280717372894287,0.0005384947871789336,0.8001301288604736,7949.41259765625
13,self_attn.q_proj,2.0746047084685415e-05,0.00018538588483352214,0.0006561983609572053,0.0016551453154534101,0.003408656921237707,0.006249360740184784,4.688108921051025,0.000309128052322194,0.9351226091384888,15165.5888671875
13,self_attn.v_proj,0.00930161215364933,0.025057336315512657,0.04388359189033508,0.06875286996364594,0.09767410159111023,0.13053999841213226,1.836194396018982,0.2950884699821472,0.950894832611084,6.222521781921387
14,mlp.down_proj,0.01028031948953867,0.028353752568364143,0.04972819238901138,0.07393770664930344,0.10108780115842819,0.13130107522010803,8.627771377563477,0.613802969455719,2.6487770080566406,14.056255340576172
14,mlp.gate_proj,0.010798066854476929,0.02849116548895836,0.048338428139686584,0.0702374204993248,0.09443867206573486,0.12125828117132187,12.812301635742188,0.5820158123970032,2.7289271354675293,22.0136661529541
14,mlp.up_proj,0.012177658267319202,0.032762560993433,0.056043922901153564,0.0817970409989357,0.11033880710601807,0.14197231829166412,5.594846248626709,0.4147329330444336,2.738380193710327,13.490238189697266
14,self_attn.k_proj,0.002552267862483859,0.008983957581222057,0.017821257933974266,0.03082282841205597,0.04750685393810272,0.06859369575977325,3.249319314956665,0.17799882590770721,1.2804137468338013,18.254722595214844
14,self_attn.o_proj,3.357964305905625e-05,0.0002831245947163552,0.0009631997672840953,0.002362332306802273,0.00477222353219986,0.00852807704359293,4.2822747230529785,0.0011822867672890425,0.8588159680366516,3622.027099609375
14,self_attn.q_proj,3.0441582566709258e-05,0.0002639717422425747,0.0009136750595644116,0.002268980722874403,0.004624015185981989,0.008354488760232925,5.344162940979004,0.0001539427030365914,0.9566004872322083,34715.2734375
14,self_attn.v_proj,0.025023892521858215,0.056663017719984055,0.08853831142187119,0.1252451092004776,0.16419363021850586,0.20497426390647888,1.57965087890625,0.6301117539405823,1.1439399719238281,2.5069377422332764
15,mlp.down_proj,0.010866877622902393,0.02890055999159813,0.0497463196516037,0.0729435458779335,0.0988311916589737,0.12761980295181274,10.75197982788086,0.6797221302986145,2.6681199073791504,15.818199157714844
15,mlp.gate_proj,0.011530226096510887,0.029631875455379486,0.049798980355262756,0.07194995880126953,0.09641633182764053,0.12358743697404861,12.499946594238281,0.5767223238945007,2.650718927383423,21.674116134643555
15,mlp.up_proj,0.011838792823255062,0.031743716448545456,0.05422065779566765,0.07911552488803864,0.10675625503063202,0.1374581903219223,6.2203264236450195,0.4388726055622101,2.7685797214508057,14.173421859741211
15,self_attn.k_proj,0.0013674859656021,0.005225795786827803,0.011135161854326725,0.020199911668896675,0.0322253592312336,0.04782584309577942,2.451667547225952,0.1251654177904129,1.2366468906402588,19.587419509887695
15,self_attn.o_proj,3.043448850803543e-05,0.0002669791574589908,0.0009196438477374613,0.0022651543840765953,0.004596453160047531,0.008310302160680294,3.6110055446624756,0.00034166243858635426,0.8401987552642822,10568.927734375
15,self_attn.q_proj,2.319716804777272e-05,0.00020050899183843285,0.0006883261958137155,0.001707154675386846,0.003481280989944935,0.006309167947620153,5.000857830047607,0.0001255414535989985,0.9140924215316772,39834.31640625
15,self_attn.v_proj,0.014492303133010864,0.0353415384888649,0.05879237502813339,0.0877075269818306,0.11964096128940582,0.15418154001235962,1.6477917432785034,0.470584511756897,1.0759339332580566,3.5015852451324463
16,mlp.down_proj,0.009577815420925617,0.026120657101273537,0.04569535329937935,0.06786087900400162,0.09280849248170853,0.1206737756729126,10.936366081237793,0.7361739873886108,2.5692298412323,14.855681419372559
16,mlp.gate_proj,0.010816173627972603,0.028276707977056503,0.0477999784052372,0.06929181516170502,0.09312348067760468,0.11961927264928818,12.18781852722168,0.5715878009796143,2.686923027038574,21.32274055480957
16,mlp.up_proj,0.01133747398853302,0.030473768711090088,0.05224897712469101,0.07659488916397095,0.10377495735883713,0.13413101434707642,5.407439708709717,0.4323413372039795,2.685199737548828,12.507339477539062
16,self_attn.k_proj,0.0015315545024350286,0.0060038454830646515,0.012622043490409851,0.022275302559137344,0.0348622165620327,0.0505816787481308,3.265535593032837,0.12297067046165466,1.2451322078704834,26.555402755737305
16,self_attn.o_proj,3.6565939808497205e-05,0.0003240921359974891,0.0011124268639832735,0.002753498498350382,0.005632114131003618,0.010223828256130219,4.408907413482666,0.0006641792715527117,0.8925806879997253,6638.12841796875
16,self_attn.q_proj,3.0202851121430285e-05,0.0002699022588785738,0.0009430397767573595,0.0023465692065656185,0.004765229299664497,0.00858597457408905,6.094740390777588,0.0002201729075750336,0.9539423584938049,27681.609375
16,self_attn.v_proj,0.025522351264953613,0.056533169001340866,0.08804765343666077,0.12443040311336517,0.1631569117307663,0.20389780402183533,1.5234668254852295,0.7346463203430176,1.1294816732406616,2.073741912841797
17,mlp.down_proj,0.009919132106006145,0.026774950325489044,0.046540822833776474,0.06851088255643845,0.09306381642818451,0.12045120447874069,11.379729270935059,0.7354867458343506,2.5603296756744385,15.472378730773926
17,mlp.gate_proj,0.011035150848329067,0.028260814025998116,0.047378189861774445,0.06836297363042831,0.09154219180345535,0.11730383336544037,11.188623428344727,0.5415371656417847,2.600828170776367,20.660860061645508
17,mlp.up_proj,0.011610378511250019,0.0308162160217762,0.05251067876815796,0.07651546597480774,0.10312095284461975,0.1326838880777359,6.06261682510376,0.42539337277412415,2.67651104927063,14.251789093017578
17,self_attn.k_proj,0.0008851488237269223,0.0026919045485556126,0.0053702532313764095,0.010387386195361614,0.018282296136021614,0.029085105285048485,2.782381772994995,0.12151151895523071,1.0942636728286743,22.898090362548828
17,self_attn.o_proj,2.7012238206225447e-05,0.00023309685639105737,0.0007975955959409475,0.001973222941160202,0.003996765706688166,0.007215956225991249,4.374271392822266,0.0003459716390352696,0.8018031716346741,12643.439453125
17,self_attn.q_proj,1.7351731003145687e-05,0.00015111298125702888,0.0005270919064059854,0.0013164350530132651,0.002699943259358406,0.004923916421830654,5.688323974609375,0.0003041075251530856,0.8448962569236755,18704.9765625
17,self_attn.v_proj,0.014130596071481705,0.033753614872694016,0.05573366954922676,0.08350925147533417,0.11525929719209671,0.15053386986255646,1.6246047019958496,0.4099552631378174,1.0311226844787598,3.9628829956054688
18,mlp.down_proj,0.009954568929970264,0.026694055646657944,0.04642390459775925,0.06852521747350693,0.09334438294172287,0.12110359966754913,12.88359260559082,0.7337773442268372,2.5290708541870117,17.557905197143555
18,mlp.gate_proj,0.0106531772762537,0.02749922312796116,0.04624848812818527,0.06685853004455566,0.0896894708275795,0.11512835323810577,11.562835693359375,0.5425012707710266,2.6202354431152344,21.313932418823242
18,mlp.up_proj,0.01123624574393034,0.029957059770822525,0.05119793862104416,0.07479580491781235,0.10101857036352158,0.13018080592155457,5.813283920288086,0.41752010583877563,2.6367955207824707,13.923362731933594
18,self_attn.k_proj,0.0022023669444024563,0.00728241354227066,0.014240024611353874,0.02444973774254322,0.03769134357571602,0.054384831339120865,3.0624454021453857,0.13366110622882843,1.1584763526916504,22.912015914916992
18,self_attn.o_proj,3.167327668052167e-05,0.00027429760666564107,0.0009559228783473372,0.002368960762396455,0.004821312613785267,0.008730603381991386,4.534492015838623,0.00034810349461622536,0.835436224937439,13026.275390625
18,self_attn.q_proj,2.6454697945155203e-05,0.00023820083879400045,0.0008281473419629037,0.002048830036073923,0.0041622319258749485,0.007501147221773863,5.218884468078613,0.0012268356513231993,0.9008010625839233,4253.939453125
18,self_attn.v_proj,0.02248779684305191,0.051580075174570084,0.08157052099704742,0.11674639582633972,0.15433518588542938,0.19393712282180786,1.6630035638809204,0.6405559778213501,1.1166155338287354,2.5961878299713135
19,mlp.down_proj,0.007377715781331062,0.02174563705921173,0.03884917125105858,0.05844181403517723,0.08065880835056305,0.10565118491649628,10.496582984924316,0.317493736743927,2.5086519718170166,33.06075668334961
19,mlp.gate_proj,0.01073834951967001,0.027666207402944565,0.04655970260500908,0.06736071407794952,0.09043879061937332,0.11619041860103607,10.376656532287598,0.5281134247779846,2.5117087364196777,19.64853858947754
19,mlp.up_proj,0.011184577830135822,0.029760591685771942,0.05072712525725365,0.07399438321590424,0.09982547163963318,0.12861302495002747,5.907907962799072,0.3808693289756775,2.6033215522766113,15.511640548706055
19,self_attn.k_proj,0.0004996675415895879,0.0020545669831335545,0.004965615458786488,0.00968268234282732,0.016499781981110573,0.02589188702404499,2.8916471004486084,0.09326954931020737,1.1978847980499268,31.00312042236328
19,self_attn.o_proj,1.920756585604977e-05,0.00016890140250325203,0.0005831504240632057,0.0014459640951827168,0.002960176905617118,0.005408726632595062,4.965701580047607,0.0004938416532240808,0.7579493522644043,10055.2509765625
19,self_attn.q_proj,1.2300837624934502e-05,0.00010655101505108178,0.00036981209996156394,0.0009243977256119251,0.0018975523998960853,0.003481131512671709,5.875767707824707,3.1249863241100684e-05,0.8272000551223755,188025.390625
19,self_attn.v_proj,0.0057752723805606365,0.016275400295853615,0.02975206822156906,0.048859767615795135,0.07240282744169235,0.10041642189025879,1.6878002882003784,0.28843989968299866,0.9521597623825073,5.851480007171631
2,mlp.down_proj,0.00022867195366416126,0.0009802625281736255,0.0026093292981386185,0.00554931815713644,0.010252282954752445,0.017260994762182236,14.680644989013672,0.048551760613918304,1.0385888814926147,302.3710021972656
2,mlp.gate_proj,0.00015643108054064214,0.0007809039088897407,0.0021486489567905664,0.004711160436272621,0.008890573866665363,0.015201834961771965,12.754648208618164,0.006170157343149185,1.000108242034912,2067.151123046875
2,mlp.up_proj,0.00010343491157982498,0.0005581539589911699,0.0016607512952759862,0.003796543227508664,0.007371163461357355,0.012863471172749996,7.194642066955566,0.0017701499164104462,1.1556493043899536,4064.42529296875
2,self_attn.k_proj,0.001111467252485454,0.003894820809364319,0.008014801889657974,0.014590972103178501,0.02395784854888916,0.03666340187191963,3.874864339828491,0.11192237585783005,1.473935842514038,34.62099838256836
2,self_attn.o_proj,3.987952368333936e-05,0.0003432960365898907,0.0011620005825534463,0.002835361286997795,0.005654175765812397,0.010033796541392803,4.0009307861328125,0.00037458815495483577,0.7744608521461487,10680.87890625
2,self_attn.q_proj,1.0375762940384448e-05,0.00012187328684376553,0.00048359623178839684,0.0013079376658424735,0.002816262422129512,0.00531490845605731,7.314255714416504,1.0419656064186711e-05,0.9061180353164673,701967.125
2,self_attn.v_proj,0.014734928496181965,0.03515118360519409,0.05765843018889427,0.08567799627780914,0.11739642918109894,0.1526220589876175,1.234229326248169,0.38290536403656006,0.833259105682373,3.223327398300171
20,mlp.down_proj,0.012044600211083889,0.03119034878909588,0.052721500396728516,0.07623592764139175,0.10209757089614868,0.1307453066110611,14.264012336730957,0.8212022185325623,2.606748342514038,17.369670867919922
20,mlp.gate_proj,0.009523128159344196,0.025424158200621605,0.043404534459114075,0.06346245110034943,0.08587675541639328,0.11094294488430023,11.374860763549805,0.5713290572166443,2.589787006378174,19.909473419189453
20,mlp.up_proj,0.011272629722952843,0.029927566647529602,0.05107671022415161,0.07460211962461472,0.10075115412473679,0.12985379993915558,11.315960884094238,0.4273853600025177,2.6998159885406494,26.477184295654297
20,self_attn.k_proj,0.0013228965690359473,0.0036837707739323378,0.006725116167217493,0.011171042919158936,0.017083363607525826,0.024647589772939682,2.7670366764068604,0.14856545627117157,0.9326387047767639,18.62503433227539
20,self_attn.o_proj,2.0887160644633695e-05,0.00018236458708997816,0.0006186562241055071,0.0015206042444333434,0.003092187689617276,0.005579194985330105,3.858790874481201,0.00044823443749919534,0.8327292799949646,8608.8671875
20,self_attn.q_proj,1.389765657222597e-05,0.0001182853156933561,0.0004111310699954629,0.0010274637024849653,0.00211054808460176,0.003865019651129842,5.749746799468994,0.0004928854759782553,0.7851688265800476,11665.482421875
20,self_attn.v_proj,0.015164492651820183,0.03606598824262619,0.058325961232185364,0.08550065010786057,0.11595116555690765,0.149803027510643,1.6718624830245972,0.3795032799243927,1.077458381652832,4.405396461486816
21,mlp.down_proj,0.01082312036305666,0.028005048632621765,0.047638650983572006,0.06951478123664856,0.09401333332061768,0.12144061177968979,13.245781898498535,0.7773106098175049,2.54724383354187,17.040525436401367
21,mlp.gate_proj,0.009665566496551037,0.02538149617612362,0.04314574599266052,0.06297791749238968,0.0852290615439415,0.11015648394823074,11.812758445739746,0.5757635235786438,2.653557538986206,20.51668357849121
21,mlp.up_proj,0.010705354623496532,0.02872282825410366,0.04913969337940216,0.07195891439914703,0.09743422269821167,0.12594018876552582,7.626932144165039,0.43702712655067444,2.6552321910858154,17.45185089111328
21,self_attn.k_proj,0.0011062722187489271,0.003291151486337185,0.006377954967319965,0.011002273298799992,0.017117587849497795,0.025111151859164238,3.01605224609375,0.14448784291744232,1.0607964992523193,20.87409019470215
21,self_attn.o_proj,2.1358413505367935e-05,0.00019024789799004793,0.0006679788348264992,0.0016709858318790793,0.0034461808390915394,0.006322815548628569,5.3773908615112305,0.0004694567760452628,0.8262014985084534,11454.49609375
21,self_attn.q_proj,1.8542838006396778e-05,0.00016411075193900615,0.0005702502094209194,0.0014186411863192916,0.00289342668838799,0.005243244580924511,5.71887731552124,0.00036283949157223105,0.8383231163024902,15761.4521484375
21,self_attn.v_proj,0.013942856341600418,0.03508742153644562,0.05962855741381645,0.09061294794082642,0.1252085119485855,0.16294224560260773,1.5621817111968994,0.5230451226234436,1.1070181131362915,2.9867055416107178
22,mlp.down_proj,0.010216847062110901,0.02618732489645481,0.04448605701327324,0.06503349542617798,0.08830234408378601,0.11455579847097397,12.124051094055176,0.8326596021652222,2.543673515319824,14.560633659362793
22,mlp.gate_proj,0.009347866289317608,0.024883635342121124,0.04239005967974663,0.06197958439588547,0.08395005762577057,0.10860815644264221,11.313562393188477,0.5635595321655273,2.622253894805908,20.075185775756836
22,mlp.up_proj,0.010778598487377167,0.028729984536767006,0.049089692533016205,0.07192106544971466,0.09745199978351593,0.12602785229682922,5.469631195068359,0.4325732886791229,2.6662001609802246,12.644403457641602
22,self_attn.k_proj,0.0018317162757739425,0.005297709256410599,0.0101004084572196,0.016935812309384346,0.02577153407037258,0.03722366318106651,3.015200138092041,0.16812647879123688,1.0260391235351562,17.934118270874023
22,self_attn.o_proj,2.7169155146111734e-05,0.00023329177929554135,0.0007968192803673446,0.0019802653696388006,0.004055730998516083,0.007386445067822933,4.661635398864746,0.0003842569421976805,0.8567903637886047,12131.5576171875
22,self_attn.q_proj,1.950842488440685e-05,0.00016980887448880821,0.0005928828613832593,0.0014841794036328793,0.0030585317872464657,0.005609647836536169,5.500206470489502,0.0004673435178119689,0.8641166090965271,11769.0869140625
22,self_attn.v_proj,0.01666075736284256,0.040220290422439575,0.06627796590328217,0.09808953106403351,0.1332879662513733,0.17149212956428528,1.6549957990646362,0.5901253819465637,1.1661648750305176,2.8044817447662354
23,mlp.down_proj,0.011010842397809029,0.027848543599247932,0.04701332747936249,0.06840916723012924,0.09237951785326004,0.11921651661396027,10.99920654296875,0.9371551275253296,2.553846836090088,11.736804962158203
23,mlp.gate_proj,0.010292195715010166,0.026929283514618874,0.04567604884505272,0.066554494202137,0.08985346555709839,0.1159011721611023,10.375143051147461,0.5475133061408997,2.556903123855591,18.94957160949707
23,mlp.up_proj,0.010799398645758629,0.028996990993618965,0.04983200132846832,0.0732550248503685,0.09940794855356216,0.1285998523235321,6.032203674316406,0.41457000374794006,2.692716360092163,14.550506591796875
23,self_attn.k_proj,0.0012704023392871022,0.004629639908671379,0.01086740754544735,0.02183188870549202,0.038541171699762344,0.06111874058842659,3.298496723175049,0.137882798910141,1.2373350858688354,23.922466278076172
23,self_attn.o_proj,2.5156843548757024e-05,0.00021633492724504322,0.0007403938798233867,0.001817433862015605,0.003677790518850088,0.006639155559241772,5.027901649475098,7.620584074174985e-05,0.7719486355781555,65977.90625
23,self_attn.q_proj,2.0764622604474425e-05,0.00017925722931977361,0.0006310808821581304,0.0015811763005331159,0.003250942099839449,0.0059295156970620155,5.18917179107666,0.0003244700492359698,0.871320903301239,15992.7607421875
23,self_attn.v_proj,0.01491086557507515,0.03616718202829361,0.0593833290040493,0.08759701251983643,0.11877526342868805,0.15269389748573303,1.7028437852859497,0.4198596775531769,1.0316071510314941,4.0557451248168945
24,self_attn.k_proj,0.0014130458002910018,0.005360256414860487,0.011203732341527939,0.020114053040742874,0.03187352418899536,0.04684744402766228,3.125333070755005,0.1189940944314003,1.0917365550994873,26.264606475830078
24,self_attn.o_proj,2.975972165586427e-05,0.0002543871523812413,0.000875331461429596,0.0021618185564875603,0.004383774474263191,0.007929861545562744,4.875555515289307,0.0003402381844352931,0.8452178239822388,14329.830078125
24,self_attn.q_proj,2.1511530576390214e-05,0.00018994214769918472,0.0006713014445267618,0.001693770638667047,0.0034925113432109356,0.006364787463098764,5.532323360443115,0.00046283300616778433,0.8681140542030334,11953.173828125
24,self_attn.v_proj,0.029755961149930954,0.06466475874185562,0.09892202913761139,0.1379871815443039,0.17909175157546997,0.22181636095046997,1.5777535438537598,0.7925472259521484,1.160104751586914,1.9907375574111938
3,mlp.down_proj,0.004703014623373747,0.012342034839093685,0.021856622770428658,0.03360752761363983,0.04771803319454193,0.06460975110530853,15.250800132751465,0.4430592358112335,1.6031229496002197,34.42158126831055
3,mlp.gate_proj,0.004093015566468239,0.011357234790921211,0.020612910389900208,0.0321030355989933,0.04601695016026497,0.062689870595932,14.190752029418945,0.05367046594619751,1.5471773147583008,264.4052429199219
3,mlp.up_proj,0.003672056132927537,0.010377023369073868,0.019116798415780067,0.03020825982093811,0.04366174340248108,0.059884145855903625,6.563226699829102,0.0473586730659008,1.6854132413864136,138.5855255126953
3,self_attn.k_proj,0.002726724138483405,0.009737671352922916,0.02019457146525383,0.03597676381468773,0.05700552836060524,0.08427027612924576,2.843587875366211,0.2322695106267929,1.5419704914093018,12.242622375488281
3,self_attn.o_proj,4.938233905704692e-05,0.0004263044975232333,0.001450545503757894,0.003532918868586421,0.007029778324067593,0.012428965419530869,3.203827381134033,0.0003868103085551411,0.7937509417533875,8282.68359375
3,self_attn.q_proj,3.326295336592011e-05,0.000321440224070102,0.0011489737080410123,0.0028682034462690353,0.005840086378157139,0.010536844842135906,5.281813621520996,3.39394791808445e-05,1.01687490940094,155624.46875
3,self_attn.v_proj,0.017422862350940704,0.04006155580282211,0.0641588494181633,0.09329953044652939,0.12533970177173615,0.16024087369441986,1.3039394617080688,0.36096081137657166,0.7262991070747375,3.612412929534912
4,mlp.down_proj,0.006257300730794668,0.016188913956284523,0.02815401181578636,0.04239271208643913,0.05918597802519798,0.0788617730140686,16.25151252746582,0.5469839572906494,1.6809138059616089,29.711132049560547
4,mlp.gate_proj,0.00482981139793992,0.01286151260137558,0.022828862071037292,0.0349595807492733,0.04935356229543686,0.06637521088123322,17.123064041137695,0.03226468339562416,1.7470325231552124,530.7061157226562
4,mlp.up_proj,0.004588406067341566,0.012482445687055588,0.02244497463107109,0.03478313982486725,0.049488406628370285,0.0669618472456932,6.751658916473389,0.02968491241335869,1.693148136138916,227.44412231445312
4,self_attn.k_proj,0.0016402930486947298,0.005864121485501528,0.012999868020415306,0.025387132540345192,0.04239986091852188,0.06450870633125305,3.109959125518799,0.16006161272525787,1.4335179328918457,19.42976188659668
4,self_attn.o_proj,4.698273187386803e-05,0.0004118610522709787,0.001387760159559548,0.0033603759948164225,0.006687771528959274,0.011839428916573524,3.2666330337524414,5.4089785407995805e-05,0.8336224555969238,60392.7890625
4,self_attn.q_proj,2.150723958038725e-05,0.000210042780963704,0.0007836521253921092,0.0020399538334459066,0.004303876310586929,0.007986332289874554,5.375527858734131,0.0011934161884710193,0.9919662475585938,4504.3193359375
4,self_attn.v_proj,0.016354136168956757,0.03888388350605965,0.062426645308732986,0.09089936316013336,0.12254264950752258,0.15681035816669464,1.4918851852416992,0.43990814685821533,0.9600388407707214,3.3913562297821045
5,mlp.down_proj,0.011899140663444996,0.029225841164588928,0.048876967281103134,0.0706995353102684,0.09503132849931717,0.12224804610013962,11.876167297363281,0.9583733677864075,2.3019471168518066,12.39200496673584
5,mlp.gate_proj,0.008369228802621365,0.02177651971578598,0.03724590688943863,0.05489372834563255,0.07482320815324783,0.09734645485877991,14.064848899841309,0.0362224355340004,2.3270483016967773,388.29107666015625
5,mlp.up_proj,0.008395533077418804,0.022323153913021088,0.03842180222272873,0.05705871433019638,0.0781903937458992,0.10213232040405273,6.56484842300415,0.03620602935552597,2.297013282775879,181.31919860839844
5,self_attn.k_proj,0.0014891513856127858,0.004016450140625238,0.007661877200007439,0.013263873755931854,0.021381132304668427,0.03369438648223877,2.7652292251586914,0.1864103078842163,1.3201466798782349,14.834100723266602
5,self_attn.o_proj,2.9905240808147937e-05,0.00025517254834994674,0.0008653770200908184,0.0021158596500754356,0.004265358205884695,0.007643137592822313,3.735316753387451,0.0005939636030234396,0.755171000957489,6288.79736328125
5,self_attn.q_proj,1.5837833416298963e-05,0.00014862205716781318,0.0005362546653486788,0.0013674296205863357,0.002847316674888134,0.0052518537268042564,6.469939231872559,1.569761661812663e-05,0.9163177609443665,412160.625
5,self_attn.v_proj,0.012006367556750774,0.028160978108644485,0.04589420557022095,0.067912757396698,0.09332865476608276,0.12242349237203598,1.6479073762893677,0.45505422353744507,1.0372865200042725,3.621342897415161
6,mlp.down_proj,0.012500117532908916,0.031157946214079857,0.05228247493505478,0.0755409523844719,0.10128983855247498,0.12987978756427765,15.561558723449707,0.9093983769416809,2.53737735748291,17.111927032470703
6,mlp.gate_proj,0.009634348563849926,0.02504398487508297,0.04264720156788826,0.06264851987361908,0.08498324453830719,0.10992026329040527,16.62864112854004,0.033267125487327576,2.588825225830078,499.85205078125
6,mlp.up_proj,0.009813494049012661,0.02618834748864174,0.04488569498062134,0.0661115050315857,0.08984260261058807,0.11641493439674377,6.3229193687438965,0.03584933280944824,2.5449230670928955,176.37481689453125
6,self_attn.k_proj,0.002161596901714802,0.007497936487197876,0.015667924657464027,0.028513943776488304,0.045924823731184006,0.0680655762553215,2.608664035797119,0.15794917941093445,1.3545564413070679,16.515844345092773
6,self_attn.o_proj,5.4194450058275834e-05,0.00047239279956556857,0.0016037492314353585,0.003901300486177206,0.007791508454829454,0.01383253838866949,3.891573429107666,0.00019422610057517886,0.9069971442222595,20036.3046875
6,self_attn.q_proj,2.9229369829408824e-05,0.00026748699019663036,0.0009376165689900517,0.0023394045419991016,0.004798353184014559,0.008727089501917362,5.28161096572876,7.946712867124006e-05,0.9860097169876099,66462.8359375
6,self_attn.v_proj,0.02236255817115307,0.05053531378507614,0.07927122712135315,0.11325736343860626,0.14987735450267792,0.1889757364988327,1.5297966003417969,0.47110581398010254,0.9957547187805176,3.247246265411377
7,mlp.down_proj,0.012204733677208424,0.030898094177246094,0.05205998197197914,0.07531814277172089,0.10110773146152496,0.12970781326293945,14.30990219116211,0.791323184967041,2.438075542449951,18.083511352539062
7,mlp.gate_proj,0.009511763229966164,0.02535971812903881,0.043521806597709656,0.06405772268772125,0.0869729220867157,0.11256958544254303,17.502798080444336,0.18114235997200012,2.588182210922241,96.62454223632812
7,mlp.up_proj,0.010619995184242725,0.028292525559663773,0.048346854746341705,0.07098937779664993,0.09616556763648987,0.12418869137763977,6.026220321655273,0.15663103759288788,2.4539082050323486,38.4739875793457
7,self_attn.k_proj,0.004211509600281715,0.012485915794968605,0.022821925580501556,0.03717681020498276,0.05468202009797096,0.07574320584535599,2.594174861907959,0.16355083882808685,1.1277401447296143,15.861580848693848
7,self_attn.o_proj,4.622893902705982e-05,0.0003918995207641274,0.0013234058860689402,0.003207445377483964,0.006384814158082008,0.011303113773465157,3.7035787105560303,8.762141806073487e-05,0.865166187286377,42267.9609375
7,self_attn.q_proj,3.617472611949779e-05,0.0003213678428437561,0.00111066282261163,0.0027307234704494476,0.005498868878930807,0.00981756579130888,5.156999588012695,4.7074219764908776e-05,0.9273626208305359,109550.3984375
7,self_attn.v_proj,0.014343359507620335,0.03455840423703194,0.05689338222146034,0.08437412977218628,0.11522039026021957,0.14896097779273987,1.7263944149017334,0.473099023103714,1.0838876962661743,3.649118423461914
8,mlp.down_proj,0.010910510085523129,0.030061516910791397,0.05209871381521225,0.07648656517267227,0.1035117581486702,0.13349361717700958,8.063517570495605,0.5135654211044312,2.54134464263916,15.70105266571045
8,mlp.gate_proj,0.01004545297473669,0.0277032982558012,0.04780999943614006,0.070276640355587,0.09509257227182388,0.1225750669836998,16.25285530090332,0.226088285446167,2.965695858001709,71.88720703125
8,mlp.up_proj,0.011091157793998718,0.030921662226319313,0.053276173770427704,0.0782008171081543,0.10566311329603195,0.1359708458185196,5.938326358795166,0.21651750802993774,2.5721802711486816,27.42654037475586
8,self_attn.k_proj,0.003604862140491605,0.010441094636917114,0.019481634721159935,0.0322890467941761,0.04860605672001839,0.06883645057678223,2.5147173404693604,0.16892950236797333,1.2488720417022705,14.886194229125977
8,self_attn.o_proj,5.508343383553438e-05,0.00047173359780572355,0.0016021369956433773,0.0039018255192786455,0.007783741224557161,0.013764077797532082,3.5314390659332275,0.0007790829404257238,0.9099621176719666,4532.8154296875
8,self_attn.q_proj,4.329106741352007e-05,0.00039444630965590477,0.0013653276255354285,0.0033448843751102686,0.006691879127174616,0.01187846902757883,5.0640974044799805,0.00036463557626120746,0.9666762351989746,13888.10546875
8,self_attn.v_proj,0.022598907351493835,0.05139032378792763,0.08075030893087387,0.1154233068227768,0.15276195108890533,0.19263531267642975,1.4604747295379639,0.5307700634002686,1.1095306873321533,2.751614809036255
9,mlp.down_proj,0.01088087446987629,0.029354728758335114,0.05048306658864021,0.07378781586885452,0.09959539771080017,0.12822850048542023,9.124898910522461,0.4500344395637512,2.461571216583252,20.2760009765625
9,mlp.gate_proj,0.010616185143589973,0.028970133513212204,0.049709517508745193,0.07275966554880142,0.09818243235349655,0.12626968324184418,16.630584716796875,0.17508326470851898,3.013622760772705,94.9867172241211
9,mlp.up_proj,0.01145520992577076,0.03168630227446556,0.05442220717668533,0.07957449555397034,0.10729530453681946,0.13784049451351166,6.782835483551025,0.1595640331506729,2.5292086601257324,42.508548736572266
9,self_attn.k_proj,0.00330532668158412,0.011225065216422081,0.02262224070727825,0.03937279433012009,0.06044662743806839,0.08607055246829987,2.593902826309204,0.13913434743881226,1.399082899093628,18.643152236938477
9,self_attn.o_proj,4.4822561903856695e-05,0.0003814718802459538,0.001302989898249507,0.003173951292410493,0.006369343027472496,0.011342303827404976,3.7509918212890625,3.091099642915651e-05,0.8934571743011475,121348.140625
9,self_attn.q_proj,4.160494790994562e-05,0.00036781522794626653,0.0012813438661396503,0.003165993606671691,0.006404981017112732,0.01147081796079874,5.2817792892456055,0.0006820608396083117,0.9980096817016602,7743.853515625
9,self_attn.v_proj,0.025143858045339584,0.05680299550294876,0.08818433433771133,0.12436879426240921,0.16275081038475037,0.20325680077075958,1.584991693496704,0.5611848831176758,1.1535563468933105,2.824366331100464
24,mlp.down_proj,0.009968118742108345,0.025811048224568367,0.044126544147729874,0.06492126733064651,0.08842333406209946,0.11491313576698303,8.499577522277832,0.8003581166267395,2.5340516567230225,10.619717597961426
24,mlp.gate_proj,0.009657105430960655,0.02554856799542904,0.04363015294075012,0.06397826224565506,0.08676278591156006,0.11228074878454208,9.878129005432129,0.5232702493667603,2.541443347930908,18.877681732177734
24,mlp.up_proj,0.010267607867717743,0.02753264084458351,0.047360144555568695,0.06988456845283508,0.0951746329665184,0.12352786958217621,5.563330173492432,0.39632758498191833,2.6529576778411865,14.037201881408691
25,mlp.down_proj,0.010877841152250767,0.027681300416588783,0.046808768063783646,0.06817862391471863,0.0921287089586258,0.11900603026151657,9.000370025634766,0.8959587812423706,2.58096981048584,10.045517921447754
25,mlp.gate_proj,0.009504581801593304,0.025149662047624588,0.04296518862247467,0.06309009343385696,0.08573520928621292,0.11117681115865707,10.749964714050293,0.5344623923301697,2.566448211669922,20.113603591918945
25,mlp.up_proj,0.010493285022675991,0.027893254533410072,0.04776165634393692,0.07018184661865234,0.09526807814836502,0.12340736389160156,6.219200134277344,0.40596210956573486,2.6928482055664062,15.319656372070312
25,self_attn.k_proj,0.0018184208311140537,0.005150161683559418,0.009781035594642162,0.01673213765025139,0.02595411241054535,0.03790454566478729,2.3279495239257812,0.14353002607822418,0.8377959728240967,16.21925163269043
25,self_attn.o_proj,2.4092547391774133e-05,0.00020483820117078722,0.0007045890088193119,0.001737851882353425,0.0035132835619151592,0.0063554043881595135,5.284064769744873,3.975423896918073e-05,0.8460529446601868,132918.265625
25,self_attn.q_proj,1.4411097254196648e-05,0.00012659378990065306,0.00043856227421201766,0.0010988194262608886,0.002257211832329631,0.004119151271879673,5.781491279602051,8.593653183197603e-05,0.7805248498916626,67276.2890625
25,self_attn.v_proj,0.016575021669268608,0.03919817879796028,0.06354331970214844,0.09339356422424316,0.12621110677719116,0.16176724433898926,1.8600302934646606,0.49181556701660156,1.1448895931243896,3.7819671630859375
26,mlp.down_proj,0.01209837757050991,0.030148422345519066,0.05041519179940224,0.07279735803604126,0.09779834002256393,0.12577185034751892,8.5003662109375,0.9224945902824402,2.645813465118408,9.214543342590332
26,mlp.gate_proj,0.010995243676006794,0.028309207409620285,0.047786645591259,0.06945022940635681,0.09356828778982162,0.12047835439443588,10.437078475952148,0.5464547276496887,2.572864532470703,19.099620819091797
26,mlp.up_proj,0.011614123359322548,0.030349621549248695,0.05159671977162361,0.07535349577665329,0.10179852694272995,0.13120806217193604,7.094852447509766,0.40781253576278687,2.7686057090759277,17.397336959838867
26,self_attn.k_proj,0.0014796183677390218,0.005247178021818399,0.010634775273501873,0.01868210732936859,0.029156770557165146,0.04242569953203201,2.4853599071502686,0.11423393338918686,1.0337154865264893,21.756757736206055
26,self_attn.o_proj,2.6005833205999807e-05,0.00022356116096489131,0.0007654813816770911,0.0018937187269330025,0.003858809592202306,0.006987663917243481,5.193273067474365,0.001152319018729031,0.8637702465057373,4506.80126953125
26,self_attn.q_proj,1.981964669539593e-05,0.00017502451373729855,0.0006183600053191185,0.0015631030546501279,0.003236493095755577,0.0059346086345613,5.313412189483643,0.0005616081180050969,0.8510904908180237,9461.0673828125
26,self_attn.v_proj,0.019445402547717094,0.045386627316474915,0.07229733467102051,0.10433273762464523,0.13912995159626007,0.1765180379152298,1.812304973602295,0.7041650414466858,1.2841649055480957,2.5736935138702393
27,mlp.down_proj,0.011274163611233234,0.02872241847217083,0.04871508106589317,0.07131941616535187,0.09689610451459885,0.12574952840805054,8.440020561218262,0.9457148909568787,2.6542601585388184,8.924487113952637
27,mlp.gate_proj,0.009664325974881649,0.026185397058725357,0.045236147940158844,0.06678073108196259,0.09089013934135437,0.11789079755544662,11.000554084777832,0.5547699928283691,2.6226537227630615,19.829036712646484
27,mlp.up_proj,0.009906621649861336,0.027381710708141327,0.047679513692855835,0.07075392454862595,0.09659431874752045,0.1255447119474411,6.660116672515869,0.41605743765830994,2.7571663856506348,16.0076847076416
27,self_attn.k_proj,0.0013141410890966654,0.003676016116514802,0.006808879319578409,0.011797424405813217,0.018597938120365143,0.027694782242178917,2.8430471420288086,0.12971648573875427,0.845592737197876,21.91739273071289
27,self_attn.o_proj,2.2757698388886638e-05,0.00019481830531731248,0.0006620700005441904,0.0016132192686200142,0.0032464666292071342,0.005813529249280691,5.436885833740234,8.109414193313569e-05,0.8083645701408386,67044.125
27,self_attn.q_proj,1.8723349057836458e-05,0.00016472263087052852,0.0005691855913028121,0.0014232028042897582,0.002913844771683216,0.005314942449331284,7.15930700302124,0.00014912770711816847,0.7911875247955322,48007.89453125
27,self_attn.v_proj,0.01802331954240799,0.0430675707757473,0.06990054994821548,0.10216253995895386,0.1373247355222702,0.17484281957149506,1.9918280839920044,0.6174037456512451,1.221726894378662,3.226135492324829
28,mlp.down_proj,0.00825782585889101,0.02275031991302967,0.0405987985432148,0.06211201846599579,0.08708854019641876,0.11555417627096176,7.187241554260254,0.6020277738571167,2.65433931350708,11.93838882446289
28,mlp.gate_proj,0.008458689786493778,0.02434438094496727,0.043047431856393814,0.064456507563591,0.08860011398792267,0.11569305509328842,11.500356674194336,0.49832645058631897,2.655590534210205,23.077957153320312
28,mlp.up_proj,0.009075096808373928,0.026032492518424988,0.04604185372591019,0.06904870271682739,0.09494779258966446,0.12398356944322586,6.688365459442139,0.4390625059604645,2.7620699405670166,15.233287811279297
28,self_attn.k_proj,0.002061226638033986,0.006797161418944597,0.01370993722230196,0.023877274245023727,0.03774549067020416,0.056177351623773575,2.7346444129943848,0.12786400318145752,0.9677584171295166,21.38713264465332
28,self_attn.o_proj,2.669185596460011e-05,0.00022745240130461752,0.000765559496358037,0.0018517420394346118,0.0037062899209558964,0.006621680688112974,5.913259983062744,3.489450682536699e-05,0.8604151010513306,169461.0625
28,self_attn.q_proj,2.2483478460344486e-05,0.00019611010793596506,0.0006913210381753743,0.0017418059287592769,0.003591116750612855,0.006564779672771692,4.874608993530273,0.0006232603918761015,0.8496811389923096,7821.1435546875
28,self_attn.v_proj,0.020453453063964844,0.04720752686262131,0.07505163550376892,0.10733247548341751,0.14177818596363068,0.1784985512495041,1.8049442768096924,0.5381905436515808,1.3433586359024048,3.353727340698242
29,mlp.down_proj,0.007429615594446659,0.021041367202997208,0.0383775569498539,0.05955561622977257,0.08425261825323105,0.11248110234737396,6.781616687774658,0.4757760167121887,2.662350654602051,14.253801345825195
29,mlp.gate_proj,0.008420522324740887,0.02471308782696724,0.043895695358514786,0.06584098935127258,0.0904931128025055,0.11813344061374664,11.750394821166992,0.5539402365684509,2.660491466522217,21.212387084960938
29,mlp.up_proj,0.009499842301011086,0.027184639126062393,0.047843314707279205,0.07133602350950241,0.09768272191286087,0.12714488804340363,6.751225471496582,0.42220741510391235,2.7774362564086914,15.990304946899414
29,self_attn.k_proj,0.0017746854573488235,0.005409675184637308,0.01099384855479002,0.01988557167351246,0.03232210874557495,0.049037158489227295,2.37539005279541,0.15339383482933044,0.9503159523010254,15.485564231872559
29,self_attn.o_proj,2.9139448088244535e-05,0.00024888652842491865,0.0008501929114572704,0.002078712685033679,0.004181598778814077,0.007476542145013809,4.87122106552124,0.00022675289073958993,0.863858163356781,21482.509765625
29,self_attn.q_proj,2.0462908651097678e-05,0.0001820793841034174,0.0006506575155071914,0.0016686557792127132,0.003493357915431261,0.006487897597253323,4.811553955078125,0.00046532286796718836,0.83842933177948,10340.248046875
29,self_attn.v_proj,0.019470563158392906,0.044393692165613174,0.07084580510854721,0.10250404477119446,0.13702166080474854,0.17409732937812805,2.2360026836395264,0.6921311616897583,1.3330471515655518,3.230605363845825
30,mlp.down_proj,0.008687070570886135,0.02366792969405651,0.04198276996612549,0.06373520940542221,0.08864528685808182,0.1168900579214096,7.631806373596191,0.6680864691734314,2.6839981079101562,11.423380851745605
30,mlp.gate_proj,0.009926063939929008,0.027221601456403732,0.04723966121673584,0.06984525173902512,0.09510476142168045,0.12330961227416992,11.625677108764648,0.528397262096405,2.6357476711273193,22.001773834228516
30,mlp.up_proj,0.011055971495807171,0.029708607122302055,0.05109923705458641,0.07510711997747421,0.101771280169487,0.13149510324001312,7.8374152183532715,0.4101158678531647,2.814605236053467,19.110246658325195
30,self_attn.k_proj,0.0030685467645525932,0.008760368451476097,0.016137555241584778,0.02674119360744953,0.04015413299202919,0.056644257158041,2.125983238220215,0.12588824331760406,0.851761519908905,16.887861251831055
30,self_attn.o_proj,3.595674934331328e-05,0.00031077611492946744,0.0010522676166146994,0.0025561393704265356,0.005092050414532423,0.009032892063260078,4.157097339630127,0.00011959006951656193,0.9129565954208374,34761.2265625
30,self_attn.q_proj,1.7379437849740498e-05,0.00015570556570310146,0.000560807588044554,0.001450667972676456,0.0030723032541573048,0.005746934097260237,5.126255035400391,0.0006215237663127482,0.8508591651916504,8247.8828125
30,self_attn.v_proj,0.013462439179420471,0.0342426635324955,0.05915842950344086,0.09068306535482407,0.12539318203926086,0.16331979632377625,2.1561226844787598,0.5854778289794922,1.3303827047348022,3.6826717853546143
31,mlp.down_proj,0.008013676851987839,0.022554317489266396,0.04111716151237488,0.06377525627613068,0.0899876281619072,0.11972776800394058,6.625215530395508,0.6412420272827148,2.7565667629241943,10.33184814453125
31,mlp.gate_proj,0.008547032251954079,0.024535879492759705,0.04332098737359047,0.06478307396173477,0.08899613469839096,0.11617155373096466,13.06412410736084,0.51680988073349,2.5905821323394775,25.27839469909668
31,mlp.up_proj,0.00980669166892767,0.0264271292835474,0.045870598405599594,0.06814201176166534,0.09320855885744095,0.12144678831100464,8.500763893127441,0.4454997777938843,2.856860399246216,19.081409454345703
31,self_attn.k_proj,0.0023651106748729944,0.006737104617059231,0.012206122279167175,0.019678238779306412,0.028924575075507164,0.040063679218292236,2.389967441558838,0.13202562928199768,0.8313365578651428,18.102298736572266
31,self_attn.o_proj,2.188147118431516e-05,0.0001958940119948238,0.0006805568700656295,0.0016819493612274528,0.0033937639091163874,0.006090872455388308,6.554776668548584,9.49176392168738e-05,0.8714515566825867,69057.515625
31,self_attn.q_proj,1.1480615285108797e-05,0.00010387614747742191,0.00038396150921471417,0.0010228786850348115,0.002230413956567645,0.004274739418178797,5.4059157371521,9.083549957722425e-05,0.8369302749633789,59513.25
31,self_attn.v_proj,0.01140129566192627,0.03017999604344368,0.05224704369902611,0.08069875836372375,0.11259454488754272,0.14735546708106995,2.10882568359375,0.3926863372325897,1.2390614748001099,5.370254993438721
32,mlp.down_proj,0.004814957734197378,0.018631430342793465,0.036611054092645645,0.058931753039360046,0.0848802700638771,0.11444547027349472,6.250286102294922,0.3089611828327179,2.7743005752563477,20.230005264282227
32,mlp.gate_proj,0.007357319816946983,0.022668268531560898,0.04080494865775108,0.06158680468797684,0.08507116138935089,0.11152032017707825,12.874739646911621,0.5015038251876831,2.5965073108673096,25.672266006469727
32,mlp.up_proj,0.007585220504552126,0.022873448207974434,0.041192829608917236,0.06242316961288452,0.08656587451696396,0.11391652375459671,8.938411712646484,0.4901280701160431,2.8391575813293457,18.23689079284668
32,self_attn.k_proj,0.002109043998643756,0.005090489983558655,0.008461415767669678,0.012867153622210026,0.018155192956328392,0.02456144616007805,2.75087571144104,0.15021999180316925,0.6959512233734131,18.312314987182617
32,self_attn.o_proj,3.3850923500722274e-05,0.0003153533034492284,0.001143247471190989,0.0029244795441627502,0.006086163222789764,0.01120807509869337,6.433876037597656,2.72217712335987e-05,1.0790044069290161,236350.375
32,self_attn.q_proj,7.155151706683682e-06,6.367227615555748e-05,0.0002517684188205749,0.000711191794835031,0.0016084365779533982,0.0031625840347260237,5.8748040199279785,1.4671265489596408e-05,0.7928475737571716,400429.25
32,self_attn.v_proj,0.007544951047748327,0.01684575155377388,0.026768876239657402,0.03901820629835129,0.053026482462882996,0.06905674934387207,2.624835252761841,0.5042185187339783,1.2861865758895874,5.20574951171875
33,mlp.down_proj,0.011002223938703537,0.028939263895154,0.0495757982134819,0.07283607870340347,0.09887540340423584,0.12799160182476044,7.9999613761901855,0.7005314826965332,2.8224353790283203,11.419845581054688
33,mlp.gate_proj,0.007269629277288914,0.022812778130173683,0.04114825651049614,0.061946284025907516,0.08530382812023163,0.11153808981180191,11.06246280670166,0.49576646089553833,2.5628278255462646,22.313858032226562
33,mlp.up_proj,0.010495256632566452,0.02737106755375862,0.04707114025950432,0.06939356029033661,0.09437355399131775,0.12234672904014587,8.188054084777832,0.521603524684906,2.8869800567626953,15.697850227355957
33,self_attn.k_proj,0.0009398394031450152,0.002216098830103874,0.0036576460115611553,0.0055155567824840546,0.007756389677524567,0.010463673621416092,2.8909592628479004,0.09965164214372635,0.575260579586029,29.01065444946289
33,self_attn.o_proj,3.344668584759347e-05,0.0003280744422227144,0.0012293056352064013,0.003266079816967249,0.007030774373561144,0.013250221498310566,6.966408729553223,0.0003531798720359802,1.1862534284591675,19724.818359375
33,self_attn.q_proj,4.620073468686314e-06,4.243835064698942e-05,0.00016654160572215915,0.0004767963255289942,0.00109563407022506,0.0021843521390110254,6.813383102416992,3.741374166565947e-05,0.6518105864524841,182109.109375
33,self_attn.v_proj,0.006677774712443352,0.015233969315886497,0.024315783753991127,0.035378072410821915,0.04785444959998131,0.06215817108750343,4.810922145843506,0.455802321434021,1.9968596696853638,10.55484390258789
34,mlp.down_proj,0.011459331959486008,0.02969665452837944,0.050535839051008224,0.07401415705680847,0.10023659467697144,0.1294897347688675,6.250621795654297,0.8183010816574097,2.7591488361358643,7.638535499572754
34,mlp.gate_proj,0.012395762838423252,0.031189242377877235,0.05220004543662071,0.07529634982347488,0.10079547762870789,0.12897181510925293,11.750027656555176,0.6332953572273254,2.5999937057495117,18.553787231445312
34,mlp.up_proj,0.011916963383555412,0.030282646417617798,0.051282547414302826,0.07485707849264145,0.10106749832630157,0.1302579939365387,10.752540588378906,0.510200560092926,2.8585550785064697,21.075124740600586
34,self_attn.k_proj,0.00459667481482029,0.013782119378447533,0.025200577452778816,0.040505487471818924,0.058946643024683,0.08101961761713028,2.0467844009399414,0.11101064085960388,0.8212505578994751,18.43773078918457
34,self_attn.o_proj,2.741286516538821e-05,0.00024154999118763953,0.0008449166198261082,0.0020901404786854982,0.004237301182001829,0.007634763140231371,7.149487495422363,0.0008363002561964095,0.9161065816879272,8548.9482421875
34,self_attn.q_proj,4.105602056370117e-05,0.00034586229594424367,0.0011704358039423823,0.002851236378774047,0.005708569195121527,0.010140277445316315,5.02942419052124,0.00040587998228147626,0.7782245874404907,12391.4072265625
34,self_attn.v_proj,0.016650911420583725,0.043118394911289215,0.0712750032544136,0.10438061505556107,0.14000622928142548,0.17817862331867218,2.2810120582580566,0.3618523180484772,1.6426374912261963,6.303709983825684
35,mlp.down_proj,0.013929421082139015,0.03299514204263687,0.05461069568991661,0.07886504381895065,0.10562820732593536,0.1352342814207077,7.346250057220459,0.6973317861557007,2.4906668663024902,10.534798622131348
35,mlp.gate_proj,0.012878663837909698,0.032056305557489395,0.05385193973779678,0.07798310369253159,0.10436166077852249,0.13331951200962067,20.750333786010742,0.41551485657691956,2.6362767219543457,49.93885040283203
35,mlp.up_proj,0.012786274775862694,0.03191090747714043,0.05417582020163536,0.07903654128313065,0.10629591345787048,0.13631726801395416,14.62820053100586,0.3605790436267853,2.751622438430786,40.56863784790039
35,self_attn.k_proj,0.005184961948543787,0.015491369180381298,0.028472714126110077,0.04646904021501541,0.06830178946256638,0.09393765032291412,2.0787763595581055,0.10803571343421936,0.8260504007339478,19.241565704345703
35,self_attn.o_proj,4.116928903385997e-05,0.00037129566771909595,0.0012814266374334693,0.003145939437672496,0.006314347963780165,0.011247048154473305,7.127543926239014,0.0006640163483098149,0.9708295464515686,10733.98828125
35,self_attn.q_proj,4.8631693061906844e-05,0.0004195193469058722,0.0014420381048694253,0.0035342888440936804,0.0070955497212708,0.012594365514814854,5.718628406524658,0.00043711045873351395,0.8023619651794434,13082.798828125
35,self_attn.v_proj,0.02127373218536377,0.05070800706744194,0.08127947151660919,0.11739902198314667,0.15592065453529358,0.19670240581035614,2.5778448581695557,0.28730449080467224,1.5622326135635376,8.972518920898438
